{
  "zeek": {
    "mappings": {
      "properties": {
        "@timestamp": {
          "type": "date"
        },
        "@version": {
          "type": "text",
          "fields": {
            "keyword": {
              "type": "keyword",
              "ignore_above": 256
            }
          }
        },
        "agent": {
          "properties": {
            "ephemeral_id": {
              "type": "text",
              "fields": {
                "keyword": {
                  "type": "keyword",
                  "ignore_above": 256
                }
              }
            },
            "hostname": {
              "type": "text",
              "fields": {
                "keyword": {
                  "type": "keyword",
                  "ignore_above": 256
                }
              }
            },
            "id": {
              "type": "text",
              "fields": {
                "keyword": {
                  "type": "keyword",
                  "ignore_above": 256
                }
              }
            },
            "name": {
              "type": "text",
              "fields": {
                "keyword": {
                  "type": "keyword",
                  "ignore_above": 256
                }
              }
            },
            "type": {
              "type": "text",
              "fields": {
                "keyword": {
                  "type": "keyword",
                  "ignore_above": 256
                }
              }
            },
            "version": {
              "type": "text",
              "fields": {
                "keyword": {
                  "type": "keyword",
                  "ignore_above": 256
                }
              }
            }
          }
        },
        "destination": {
          "properties": {
            "address": {
              "type": "text",
              "fields": {
                "keyword": {
                  "type": "keyword",
                  "ignore_above": 256
                }
              }
            },
            "bytes": {
              "type": "long"
            },
            "ip": {
              "type": "text",
              "fields": {
                "keyword": {
                  "type": "keyword",
                  "ignore_above": 256
                }
              }
            },
            "mac": {
              "type": "text",
              "fields": {
                "keyword": {
                  "type": "keyword",
                  "ignore_above": 256
                }
              }
            },
            "packets": {
              "type": "long"
            },
            "port": {
              "type": "long"
            }
          }
        },
        "ecs": {
          "properties": {
            "version": {
              "type": "text",
              "fields": {
                "keyword": {
                  "type": "keyword",
                  "ignore_above": 256
                }
              }
            }
          }
        },
        "event": {
          "properties": {
            "action": {
              "type": "text",
              "fields": {
                "keyword": {
                  "type": "keyword",
                  "ignore_above": 256
                }
              }
            },
            "category": {
              "type": "text",
              "fields": {
                "keyword": {
                  "type": "keyword",
                  "ignore_above": 256
                }
              }
            },
            "dataset": {
              "type": "text",
              "fields": {
                "keyword": {
                  "type": "keyword",
                  "ignore_above": 256
                }
              }
            },
            "id": {
              "type": "text",
              "fields": {
                "keyword": {
                  "type": "keyword",
                  "ignore_above": 256
                }
              }
            },
            "kind": {
              "type": "text",
              "fields": {
                "keyword": {
                  "type": "keyword",
                  "ignore_above": 256
                }
              }
            },
            "module": {
              "type": "text",
              "fields": {
                "keyword": {
                  "type": "keyword",
                  "ignore_above": 256
                }
              }
            },
            "type": {
              "type": "text",
              "fields": {
                "keyword": {
                  "type": "keyword",
                  "ignore_above": 256
                }
              }
            }
          }
        },
        "file": {
          "properties": {
            "hash": {
              "properties": {
                "md5": {
                  "type": "text",
                  "fields": {
                    "keyword": {
                      "type": "keyword",
                      "ignore_above": 256
                    }
                  }
                },
                "sha1": {
                  "type": "text",
                  "fields": {
                    "keyword": {
                      "type": "keyword",
                      "ignore_above": 256
                    }
                  }
                }
              }
            },
            "mime_type": {
              "type": "text",
              "fields": {
                "keyword": {
                  "type": "keyword",
                  "ignore_above": 256
                }
              }
            },
            "size": {
              "type": "long"
            }
          }
        },
        "fileset": {
          "properties": {
            "name": {
              "type": "text",
              "fields": {
                "keyword": {
                  "type": "keyword",
                  "ignore_above": 256
                }
              }
            }
          }
        },
        "host": {
          "properties": {
            "architecture": {
              "type": "text",
              "fields": {
                "keyword": {
                  "type": "keyword",
                  "ignore_above": 256
                }
              }
            },
            "containerized": {
              "type": "boolean"
            },
            "hostname": {
              "type": "text",
              "fields": {
                "keyword": {
                  "type": "keyword",
                  "ignore_above": 256
                }
              }
            },
            "id": {
              "type": "text",
              "fields": {
                "keyword": {
                  "type": "keyword",
                  "ignore_above": 256
                }
              }
            },
            "ip": {
              "type": "text",
              "fields": {
                "keyword": {
                  "type": "keyword",
                  "ignore_above": 256
                }
              }
            },
            "mac": {
              "type": "text",
              "fields": {
                "keyword": {
                  "type": "keyword",
                  "ignore_above": 256
                }
              }
            },
            "name": {
              "type": "text",
              "fields": {
                "keyword": {
                  "type": "keyword",
                  "ignore_above": 256
                }
              }
            },
            "os": {
              "properties": {
                "codename": {
                  "type": "text",
                  "fields": {
                    "keyword": {
                      "type": "keyword",
                      "ignore_above": 256
                    }
                  }
                },
                "family": {
                  "type": "text",
                  "fields": {
                    "keyword": {
                      "type": "keyword",
                      "ignore_above": 256
                    }
                  }
                },
                "kernel": {
                  "type": "text",
                  "fields": {
                    "keyword": {
                      "type": "keyword",
                      "ignore_above": 256
                    }
                  }
                },
                "name": {
                  "type": "text",
                  "fields": {
                    "keyword": {
                      "type": "keyword",
                      "ignore_above": 256
                    }
                  }
                },
                "platform": {
                  "type": "text",
                  "fields": {
                    "keyword": {
                      "type": "keyword",
                      "ignore_above": 256
                    }
                  }
                },
                "type": {
                  "type": "text",
                  "fields": {
                    "keyword": {
                      "type": "keyword",
                      "ignore_above": 256
                    }
                  }
                },
                "version": {
                  "type": "text",
                  "fields": {
                    "keyword": {
                      "type": "keyword",
                      "ignore_above": 256
                    }
                  }
                }
              }
            }
          }
        },
        "http": {
          "properties": {
            "request": {
              "properties": {
                "body": {
                  "properties": {
                    "bytes": {
                      "type": "long"
                    }
                  }
                },
                "method": {
                  "type": "text",
                  "fields": {
                    "keyword": {
                      "type": "keyword",
                      "ignore_above": 256
                    }
                  }
                }
              }
            },
            "response": {
              "properties": {
                "body": {
                  "properties": {
                    "bytes": {
                      "type": "long"
                    }
                  }
                },
                "status_code": {
                  "type": "long"
                }
              }
            },
            "version": {
              "type": "text",
              "fields": {
                "keyword": {
                  "type": "keyword",
                  "ignore_above": 256
                }
              }
            }
          }
        },
        "input": {
          "properties": {
            "type": {
              "type": "text",
              "fields": {
                "keyword": {
                  "type": "keyword",
                  "ignore_above": 256
                }
              }
            }
          }
        },
        "log": {
          "properties": {
            "file": {
              "properties": {
                "path": {
                  "type": "text",
                  "fields": {
                    "keyword": {
                      "type": "keyword",
                      "ignore_above": 256
                    }
                  }
                }
              }
            },
            "offset": {
              "type": "long"
            }
          }
        },
        "network": {
          "properties": {
            "community_id": {
              "type": "text",
              "fields": {
                "keyword": {
                  "type": "keyword",
                  "ignore_above": 256
                }
              }
            },
            "direction": {
              "type": "text",
              "fields": {
                "keyword": {
                  "type": "keyword",
                  "ignore_above": 256
                }
              }
            },
            "protocol": {
              "type": "text",
              "fields": {
                "keyword": {
                  "type": "keyword",
                  "ignore_above": 256
                }
              }
            },
            "transport": {
              "type": "text",
              "fields": {
                "keyword": {
                  "type": "keyword",
                  "ignore_above": 256
                }
              }
            }
          }
        },
        "service": {
          "properties": {
            "type": {
              "type": "text",
              "fields": {
                "keyword": {
                  "type": "keyword",
                  "ignore_above": 256
                }
              }
            }
          }
        },
        "source": {
          "properties": {
            "address": {
              "type": "text",
              "fields": {
                "keyword": {
                  "type": "keyword",
                  "ignore_above": 256
                }
              }
            },
            "bytes": {
              "type": "long"
            },
            "ip": {
              "type": "text",
              "fields": {
                "keyword": {
                  "type": "keyword",
                  "ignore_above": 256
                }
              }
            },
            "mac": {
              "type": "text",
              "fields": {
                "keyword": {
                  "type": "keyword",
                  "ignore_above": 256
                }
              }
            },
            "packets": {
              "type": "long"
            },
            "port": {
              "type": "long"
            }
          }
        },
        "tags": {
          "type": "text",
          "fields": {
            "keyword": {
              "type": "keyword",
              "ignore_above": 256
            }
          }
        },
        "temp": {
          "properties": {
            "duration": {
              "type": "float"
            }
          }
        },
        "url": {
          "properties": {
            "domain": {
              "type": "text",
              "fields": {
                "keyword": {
                  "type": "keyword",
                  "ignore_above": 256
                }
              }
            },
            "original": {
              "type": "text",
              "fields": {
                "keyword": {
                  "type": "keyword",
                  "ignore_above": 256
                }
              }
            },
            "port": {
              "type": "long"
            }
          }
        },
        "user": {
          "properties": {
            "name": {
              "type": "text",
              "fields": {
                "keyword": {
                  "type": "keyword",
                  "ignore_above": 256
                }
              }
            }
          }
        },
        "user_agent": {
          "properties": {
            "original": {
              "type": "text",
              "fields": {
                "keyword": {
                  "type": "keyword",
                  "ignore_above": 256
                }
              }
            }
          }
        },
        "zeek": {
          "properties": {
            "connection": {
              "properties": {
                "history": {
                  "type": "text",
                  "fields": {
                    "keyword": {
                      "type": "keyword",
                      "ignore_above": 256
                    }
                  }
                },
                "icmp": {
                  "properties": {
                    "code": {
                      "type": "long"
                    },
                    "type": {
                      "type": "long"
                    }
                  }
                },
                "local_orig": {
                  "type": "boolean"
                },
                "local_resp": {
                  "type": "boolean"
                },
                "missed_bytes": {
                  "type": "long"
                },
                "state": {
                  "type": "text",
                  "fields": {
                    "keyword": {
                      "type": "keyword",
                      "ignore_above": 256
                    }
                  }
                },
                "ts": {
                  "type": "float"
                }
              }
            },
            "files": {
              "properties": {
                "analyzers": {
                  "type": "text",
                  "fields": {
                    "keyword": {
                      "type": "keyword",
                      "ignore_above": 256
                    }
                  }
                },
                "depth": {
                  "type": "long"
                },
                "duration": {
                  "type": "long"
                },
                "fuid": {
                  "type": "text",
                  "fields": {
                    "keyword": {
                      "type": "keyword",
                      "ignore_above": 256
                    }
                  }
                },
                "id": {
                  "properties": {
                    "orig_h": {
                      "type": "text",
                      "fields": {
                        "keyword": {
                          "type": "keyword",
                          "ignore_above": 256
                        }
                      }
                    },
                    "orig_p": {
                      "type": "long"
                    },
                    "resp_h": {
                      "type": "text",
                      "fields": {
                        "keyword": {
                          "type": "keyword",
                          "ignore_above": 256
                        }
                      }
                    },
                    "resp_p": {
                      "type": "long"
                    }
                  }
                },
                "is_orig": {
                  "type": "boolean"
                },
                "local_orig": {
                  "type": "boolean"
                },
                "md5": {
                  "type": "text",
                  "fields": {
                    "keyword": {
                      "type": "keyword",
                      "ignore_above": 256
                    }
                  }
                },
                "mime_type": {
                  "type": "text",
                  "fields": {
                    "keyword": {
                      "type": "keyword",
                      "ignore_above": 256
                    }
                  }
                },
                "missing_bytes": {
                  "type": "long"
                },
                "overflow_bytes": {
                  "type": "long"
                },
                "seen_bytes": {
                  "type": "long"
                },
                "sha1": {
                  "type": "text",
                  "fields": {
                    "keyword": {
                      "type": "keyword",
                      "ignore_above": 256
                    }
                  }
                },
                "source": {
                  "type": "text",
                  "fields": {
                    "keyword": {
                      "type": "keyword",
                      "ignore_above": 256
                    }
                  }
                },
                "timedout": {
                  "type": "boolean"
                },
                "total_bytes": {
                  "type": "long"
                },
                "ts": {
                  "type": "float"
                },
                "uid": {
                  "type": "text",
                  "fields": {
                    "keyword": {
                      "type": "keyword",
                      "ignore_above": 256
                    }
                  }
                }
              }
            },
            "ftp": {
              "properties": {
                "arg": {
                  "type": "text",
                  "fields": {
                    "keyword": {
                      "type": "keyword",
                      "ignore_above": 256
                    }
                  }
                },
                "command": {
                  "type": "text",
                  "fields": {
                    "keyword": {
                      "type": "keyword",
                      "ignore_above": 256
                    }
                  }
                },
                "data_channel": {
                  "properties": {
                    "originating_host": {
                      "type": "text",
                      "fields": {
                        "keyword": {
                          "type": "keyword",
                          "ignore_above": 256
                        }
                      }
                    },
                    "passive": {
                      "type": "boolean"
                    },
                    "response_host": {
                      "type": "text",
                      "fields": {
                        "keyword": {
                          "type": "keyword",
                          "ignore_above": 256
                        }
                      }
                    },
                    "response_port": {
                      "type": "long"
                    }
                  }
                },
                "file": {
                  "properties": {
                    "mime_type": {
                      "type": "text",
                      "fields": {
                        "keyword": {
                          "type": "keyword",
                          "ignore_above": 256
                        }
                      }
                    },
                    "size": {
                      "type": "long"
                    },
                    "uid": {
                      "type": "text",
                      "fields": {
                        "keyword": {
                          "type": "keyword",
                          "ignore_above": 256
                        }
                      }
                    }
                  }
                },
                "password": {
                  "type": "text",
                  "fields": {
                    "keyword": {
                      "type": "keyword",
                      "ignore_above": 256
                    }
                  }
                },
                "reply": {
                  "properties": {
                    "code": {
                      "type": "long"
                    },
                    "msg": {
                      "type": "text",
                      "fields": {
                        "keyword": {
                          "type": "keyword",
                          "ignore_above": 256
                        }
                      }
                    }
                  }
                },
                "ts": {
                  "type": "float"
                },
                "user": {
                  "type": "text",
                  "fields": {
                    "keyword": {
                      "type": "keyword",
                      "ignore_above": 256
                    }
                  }
                }
              }
            },
            "http": {
              "properties": {
                "resp_fuids": {
                  "type": "text",
                  "fields": {
                    "keyword": {
                      "type": "keyword",
                      "ignore_above": 256
                    }
                  }
                },
                "resp_mime_types": {
                  "type": "text",
                  "fields": {
                    "keyword": {
                      "type": "keyword",
                      "ignore_above": 256
                    }
                  }
                },
                "status_msg": {
                  "type": "text",
                  "fields": {
                    "keyword": {
                      "type": "keyword",
                      "ignore_above": 256
                    }
                  }
                },
                "trans_depth": {
                  "type": "long"
                },
                "ts": {
                  "type": "float"
                }
              }
            },
            "session_id": {
              "type": "text",
              "fields": {
                "keyword": {
                  "type": "keyword",
                  "ignore_above": 256
                }
              }
            }
          }
        }
      }
    }
  }
}
